weekday,koef_wd
0,0.1459405374499714
1,0.1513364779874214
2,0.16144939965694682
3,0.15180102915951973
4,0.1402229845626072
5,0.11838907947398514
6,0.1308604917095483
